[
	{
		"data": [
			{
				"text": "who is he",
				"userDefined": false
			}
		],
		"isTemplate": false,
		"count": 0
	},
	{
		"data": [
			{
				"text": "who is michael cembalest",
				"userDefined": false
			}
		],
		"isTemplate": false,
		"count": 0
	},
	{
		"data": [
			{
				"text": "who is michael",
				"userDefined": false
			}
		],
		"isTemplate": false,
		"count": 0
	},
	{
		"data": [
			{
				"text": "who is this guy",
				"userDefined": false
			}
		],
		"isTemplate": false,
		"count": 0
	},
	{
		"data": [
			{
				"text": "about michael",
				"userDefined": false
			}
		],
		"isTemplate": false,
		"count": 0
	},
	{
		"data": [
			{
				"text": "tell me about michael",
				"userDefined": false
			}
		],
		"isTemplate": false,
		"count": 0
	},
	{
		"data": [
			{
				"text": "tell me about him",
				"userDefined": false
			}
		],
		"isTemplate": false,
		"count": 0
	},
	{
		"data": [
			{
				"text": "who is michael cembalest",
				"userDefined": false
			}
		],
		"isTemplate": false,
		"count": 0
	},
	{
		"data": [
			{
				"text": "who is michael",
				"userDefined": false
			}
		],
		"isTemplate": false,
		"count": 0
	}
]